Alexandre de Rhodes,
Ba Le Chan,
Bui Thi Xuan,
Bui Vien,
Cach Mang Thang Tam,
Calmette,
Cao Ba Nha,
Cao Ba Quat,
Co Bac,
Co Giang,
Cong Quynh,
Chu Manh Trinh,
Chuong Duong,
Dang Dung,
Dang Tat,
Dang Thi Nhu,
Dang Tran Con,
De Tham,
Dinh Cong Trang,
Dong Du,
Dong Khoi,
Hai Ba Trung,
Hai Trieu,
Ham Nghi,
Han Thuyen,
Hoa My,
Ho Hao Hon,
Ho Huan Nghiep,
Ho Tung Mau,
Hoang Sa,
Huyen Quang,
Huyen Tran Cong Chua,
Huynh Khuong Ninh,
Huynh Thuc Khang,
Ky Con,
Le Anh Xuan,
Le Cong Kieu,
Le Duan,
Le Lai,
Le Loi,
Le Thanh Ton,
Le Thi Hong Gam,
Le Thi Rieng,
Le Van Huu,
Luong Huu Khanh,
Luu Van Lang,
Ly Tu Trong,
Ly Van Phuc,
Ma Lo,
Mac Dinh Chi,
Mac Thi Buoi,
Mai Thi Luu,
Nam Ky Khoi Nghia,
Nam Quoc Cang,
Ngo Duc Ke,
Ngo Van Nam,
Nguyen Binh Khiem,
Nguyen Canh Chan,
Nguyen Cong Tru,
Nguyen Cu Trinh,
Nguyen Du,
Nguyen Dinh Chieu,
Nguyen Hue,
Nguyen Huu Canh,
Nguyen Huu Cau,
Nguyen Huy Tu,
Nguyen Khac Nhu,
Nguyen Phi Khanh,
Nguyen Thai Binh,
